Transaction Type Index,Transaction Name,Start Time (microseconds),Latency (microseconds),Worker Id (start number),Phase Id (index in config file)
4,Delivery,1670919315.690134,65967,0,1
1,NewOrder,1670919315.756198,50006,0,1
1,NewOrder,1670919315.806234,88096,0,1
1,NewOrder,1670919315.894347,57535,0,1
2,Payment,1670919315.951901,27025,0,1
1,NewOrder,1670919315.978943,53971,0,1
2,Payment,1670919316.032937,47434,0,1
1,NewOrder,1670919316.080395,45553,0,1
1,NewOrder,1670919316.125970,38176,0,1
1,NewOrder,1670919316.164167,54943,0,1
2,Payment,1670919316.219141,30065,0,1
2,Payment,1670919316.249229,25204,0,1
1,NewOrder,1670919316.274454,47265,0,1
1,NewOrder,1670919316.321742,58430,0,1
1,NewOrder,1670919316.380200,51969,0,1
2,Payment,1670919316.432195,27305,0,1
2,Payment,1670919316.459522,40410,0,1
5,StockLevel,1670919316.499951,18330,0,1
2,Payment,1670919316.518294,38091,0,1
1,NewOrder,1670919316.556400,38786,0,1
2,Payment,1670919316.595200,38320,0,1
1,NewOrder,1670919316.633536,53489,0,1
1,NewOrder,1670919316.687045,32883,0,1
2,Payment,1670919316.719947,34325,0,1
2,Payment,1670919316.754287,29438,0,1
4,Delivery,1670919316.783739,41003,0,1
2,Payment,1670919316.824758,30685,0,1
1,NewOrder,1670919316.855459,35646,0,1
1,NewOrder,1670919316.891119,36816,0,1
2,Payment,1670919316.927951,26040,0,1
2,Payment,1670919316.954006,29660,0,1
1,NewOrder,1670919316.983693,49405,0,1
2,Payment,1670919317.033120,22628,0,1
1,NewOrder,1670919317.055784,37657,0,1
4,Delivery,1670919317.093461,42718,0,1
2,Payment,1670919317.136198,38290,0,1
1,NewOrder,1670919317.174503,63172,0,1
2,Payment,1670919317.237690,24095,0,1
1,NewOrder,1670919317.261802,37741,0,1
2,Payment,1670919317.299559,20760,0,1
4,Delivery,1670919317.320335,42850,0,1
2,Payment,1670919317.363201,28357,0,1
2,Payment,1670919317.391572,24212,0,1
2,Payment,1670919317.415806,26042,0,1
2,Payment,1670919317.441861,20380,0,1
2,Payment,1670919317.462256,21628,0,1
1,NewOrder,1670919317.483900,51791,0,1
1,NewOrder,1670919317.535710,56066,0,1
1,NewOrder,1670919317.591794,57421,0,1
2,Payment,1670919317.649230,40298,0,1
2,Payment,1670919317.689541,34474,0,1
1,NewOrder,1670919317.724029,62687,0,1
1,NewOrder,1670919317.786736,89584,0,1
2,Payment,1670919317.876338,29030,0,1
1,NewOrder,1670919317.905388,40018,0,1
1,NewOrder,1670919317.945423,50562,0,1
2,Payment,1670919317.996007,21895,0,1
1,NewOrder,1670919318.017921,34295,0,1
1,NewOrder,1670919318.052231,59708,0,1
1,NewOrder,1670919318.111964,49204,0,1
5,StockLevel,1670919318.161186,17036,0,1
2,Payment,1670919318.178237,30656,0,1
2,Payment,1670919318.208909,36671,0,1
1,NewOrder,1670919318.245593,35169,0,1
4,Delivery,1670919318.280790,47256,0,1
1,NewOrder,1670919318.328058,49455,0,1
1,NewOrder,1670919318.377532,58894,0,1
2,Payment,1670919318.436448,25039,0,1
1,NewOrder,1670919318.461503,41510,0,1
2,Payment,1670919318.503027,22322,0,1
4,Delivery,1670919318.525363,69703,0,1
4,Delivery,1670919318.595079,69365,0,1
2,Payment,1670919318.664459,52589,0,1
2,Payment,1670919318.717063,23828,0,1
1,NewOrder,1670919318.740902,49211,0,1
1,NewOrder,1670919318.790127,49062,0,1
2,Payment,1670919318.839217,39822,0,1
2,Payment,1670919318.879052,36128,0,1
3,OrderStatus,1670919318.915196,4516,0,1
1,NewOrder,1670919318.919724,55071,0,1
1,NewOrder,1670919318.974807,42408,0,1
3,OrderStatus,1670919319.017228,3192,0,1
1,NewOrder,1670919319.020432,44724,0,1
2,Payment,1670919319.065168,25400,0,1
2,Payment,1670919319.090585,22942,0,1
1,NewOrder,1670919319.113540,47467,0,1
1,NewOrder,1670919319.161021,31427,0,1
2,Payment,1670919319.192466,23224,0,1
2,Payment,1670919319.215706,20364,0,1
1,NewOrder,1670919319.236082,51840,0,1
1,NewOrder,1670919319.287939,41936,0,1
2,Payment,1670919319.329892,32383,0,1
3,OrderStatus,1670919319.362289,3608,0,1
2,Payment,1670919319.365910,25021,0,1
1,NewOrder,1670919319.390944,56327,0,1
2,Payment,1670919319.447286,19990,0,1
5,StockLevel,1670919319.467291,15855,0,1
1,NewOrder,1670919319.483157,46240,0,1
2,Payment,1670919319.529413,20638,0,1
5,StockLevel,1670919319.550067,19563,0,1
1,NewOrder,1670919319.569643,73110,0,1
1,NewOrder,1670919319.642766,58123,0,1
1,NewOrder,1670919319.700902,35545,0,1
2,Payment,1670919319.736462,46445,0,1
2,Payment,1670919319.782924,29947,0,1
3,OrderStatus,1670919319.812885,2787,0,1
1,NewOrder,1670919319.815685,29345,0,1
2,Payment,1670919319.845044,25061,0,1
1,NewOrder,1670919319.870118,51932,0,1
1,NewOrder,1670919319.922062,77329,0,1
1,NewOrder,1670919319.999408,47634,0,1
2,Payment,1670919320.047056,23272,0,1
2,Payment,1670919320.070343,42301,0,1
1,NewOrder,1670919320.112657,47163,0,1
1,NewOrder,1670919320.159832,50481,0,1
1,NewOrder,1670919320.210326,57911,0,1
2,Payment,1670919320.268253,29493,0,1
1,NewOrder,1670919320.297762,35330,0,1
1,NewOrder,1670919320.333105,49122,0,1
2,Payment,1670919320.382240,24991,0,1
2,Payment,1670919320.407244,21598,0,1
1,NewOrder,1670919320.428854,33396,0,1
1,NewOrder,1670919320.462267,46531,0,1
1,NewOrder,1670919320.508814,49333,0,1
2,Payment,1670919320.558160,27242,0,1
4,Delivery,1670919320.585418,67214,0,1
5,StockLevel,1670919320.652646,16450,0,1
3,OrderStatus,1670919320.669121,3065,0,1
1,NewOrder,1670919320.672202,60578,0,1
2,Payment,1670919320.732829,23546,0,1
2,Payment,1670919320.756393,25129,0,1
1,NewOrder,1670919320.781537,34901,0,1
2,Payment,1670919320.816454,21928,0,1
1,NewOrder,1670919320.838394,48341,0,1
1,NewOrder,1670919320.886748,49979,0,1
2,Payment,1670919320.936739,43779,0,1
2,Payment,1670919320.980533,20764,0,1
2,Payment,1670919321.001312,20928,0,1
1,NewOrder,1670919321.022261,38027,0,1
3,OrderStatus,1670919321.060312,3371,0,1
2,Payment,1670919321.063694,22041,0,1
2,Payment,1670919321.085749,21120,0,1
1,NewOrder,1670919321.106883,51281,0,1
5,StockLevel,1670919321.158177,16849,0,1
3,OrderStatus,1670919321.175039,2764,0,1
2,Payment,1670919321.177814,28722,0,1
2,Payment,1670919321.206548,20315,0,1
3,OrderStatus,1670919321.226877,3903,0,1
1,NewOrder,1670919321.230791,49416,0,1
1,NewOrder,1670919321.280223,48103,0,1
2,Payment,1670919321.328344,21890,0,1
2,Payment,1670919321.350249,24025,0,1
1,NewOrder,1670919321.374287,39326,0,1
2,Payment,1670919321.413626,54922,0,1
2,Payment,1670919321.468564,20336,0,1
1,NewOrder,1670919321.488933,47885,0,1
2,Payment,1670919321.536846,21953,0,1
1,NewOrder,1670919321.558816,45015,0,1
1,NewOrder,1670919321.603851,63401,0,1
1,NewOrder,1670919321.667266,51042,0,1
2,Payment,1670919321.718329,30305,0,1
1,NewOrder,1670919321.748650,98606,0,1
2,Payment,1670919321.847277,37977,0,1
2,Payment,1670919321.885266,21644,0,1
2,Payment,1670919321.906921,22906,0,1
1,NewOrder,1670919321.929841,52576,0,1
1,NewOrder,1670919321.982432,48650,0,1
1,NewOrder,1670919322.031094,57154,0,1
5,StockLevel,1670919322.088262,16227,0,1
1,NewOrder,1670919322.104500,35812,0,1
2,Payment,1670919322.140337,26668,0,1
1,NewOrder,1670919322.167017,49003,0,1
1,NewOrder,1670919322.216038,33677,0,1
2,Payment,1670919322.249733,26052,0,1
4,Delivery,1670919322.275799,48205,0,1
2,Payment,1670919322.324018,30977,0,1
2,Payment,1670919322.355010,23538,0,1
2,Payment,1670919322.378563,30685,0,1
2,Payment,1670919322.409264,26596,0,1
3,OrderStatus,1670919322.435872,3549,0,1
2,Payment,1670919322.439432,26158,0,1
5,StockLevel,1670919322.465607,16822,0,1
2,Payment,1670919322.482439,24951,0,1
1,NewOrder,1670919322.507417,51811,0,1
5,StockLevel,1670919322.559239,17452,0,1
5,StockLevel,1670919322.576702,35787,0,1
2,Payment,1670919322.612500,64123,0,1
1,NewOrder,1670919322.676637,92328,0,1
2,Payment,1670919322.768978,58535,0,1
2,Payment,1670919322.827524,42472,0,1
1,NewOrder,1670919322.870006,54969,0,1
2,Payment,1670919322.924988,27830,0,1
1,NewOrder,1670919322.952832,45126,0,1
2,Payment,1670919322.997973,29220,0,1
3,OrderStatus,1670919323.027205,2949,0,1
2,Payment,1670919323.030165,33570,0,1
3,OrderStatus,1670919323.063755,3167,0,1
2,Payment,1670919323.066939,26287,0,1
1,NewOrder,1670919323.093239,73703,0,1
3,OrderStatus,1670919323.166957,4351,0,1
2,Payment,1670919323.171324,35978,0,1
1,NewOrder,1670919323.207314,92079,0,1
2,Payment,1670919323.299406,19908,0,1
1,NewOrder,1670919323.319325,66493,0,1
1,NewOrder,1670919323.385837,58136,0,1
3,OrderStatus,1670919323.443989,3108,0,1
2,Payment,1670919323.447114,26412,0,1
1,NewOrder,1670919323.473539,59775,0,1
2,Payment,1670919323.533333,27823,0,1
2,Payment,1670919323.561172,38402,0,1
1,NewOrder,1670919323.599592,92822,0,1
1,NewOrder,1670919323.692428,53138,0,1
2,Payment,1670919323.745583,49156,0,1
1,NewOrder,1670919323.794754,71172,0,1
2,Payment,1670919323.865941,29440,0,1
1,NewOrder,1670919323.895402,85371,0,1
2,Payment,1670919323.980789,39229,0,1
1,NewOrder,1670919324.020031,37814,0,1
5,StockLevel,1670919324.057859,39431,0,1
2,Payment,1670919324.097303,20912,0,1
2,Payment,1670919324.118227,27380,0,1
4,Delivery,1670919324.145620,39686,0,1
2,Payment,1670919324.185322,22236,0,1
1,NewOrder,1670919324.207572,97645,0,1
1,NewOrder,1670919324.305231,50550,0,1
2,Payment,1670919324.355794,43785,0,1
2,Payment,1670919324.399596,30941,0,1
2,Payment,1670919324.430549,25475,0,1
1,NewOrder,1670919324.456038,48251,0,1
2,Payment,1670919324.504309,24623,0,1
2,Payment,1670919324.528947,26828,0,1
5,StockLevel,1670919324.555788,18585,0,1
1,NewOrder,1670919324.574387,56880,0,1
1,NewOrder,1670919324.631284,94969,0,1
2,Payment,1670919324.726267,36501,0,1
1,NewOrder,1670919324.762783,38023,0,1
2,Payment,1670919324.800818,23336,0,1
1,NewOrder,1670919324.824168,58506,0,1
2,Payment,1670919324.882703,25513,0,1
1,NewOrder,1670919324.908243,46105,0,1
2,Payment,1670919324.954361,29071,0,1
1,NewOrder,1670919324.983446,79586,0,1
2,Payment,1670919325.063044,28247,0,1
1,NewOrder,1670919325.091305,64137,0,1
4,Delivery,1670919325.155457,48326,0,1
1,NewOrder,1670919325.203798,39841,0,1
1,NewOrder,1670919325.243657,53870,0,1
1,NewOrder,1670919325.297541,57945,0,1
2,Payment,1670919325.355500,37052,0,1
2,Payment,1670919325.392565,28122,0,1
1,NewOrder,1670919325.420697,74681,0,1
1,NewOrder,1670919325.495396,51656,0,1
1,NewOrder,1670919325.547067,41314,0,1
2,Payment,1670919325.588400,41219,0,1
1,NewOrder,1670919325.629642,70264,0,1
4,Delivery,1670919325.699949,134611,0,1
2,Payment,1670919325.834625,19752,0,1
2,Payment,1670919325.854389,24192,0,1
5,StockLevel,1670919325.878594,16962,0,1
2,Payment,1670919325.895567,26319,0,1
1,NewOrder,1670919325.921897,43143,0,1
1,NewOrder,1670919325.965051,52476,0,1
1,NewOrder,1670919326.017540,66012,0,1
2,Payment,1670919326.083563,37936,0,1
2,Payment,1670919326.121509,21632,0,1
2,Payment,1670919326.143149,44905,0,1
2,Payment,1670919326.188065,39261,0,1
1,NewOrder,1670919326.227337,64068,0,1
1,NewOrder,1670919326.291418,48531,0,1
1,NewOrder,1670919326.339960,47932,0,1
3,OrderStatus,1670919326.387904,5542,0,1
2,Payment,1670919326.393458,22809,0,1
3,OrderStatus,1670919326.416280,2861,0,1
1,NewOrder,1670919326.419150,43365,0,1
2,Payment,1670919326.462525,30016,0,1
2,Payment,1670919326.492552,31446,0,1
2,Payment,1670919326.524010,65710,0,1
1,NewOrder,1670919326.589733,75687,0,1
2,Payment,1670919326.665431,36032,0,1
1,NewOrder,1670919326.701474,80714,0,1
2,Payment,1670919326.782198,37482,0,1
1,NewOrder,1670919326.819694,65240,0,1
1,NewOrder,1670919326.884947,68766,0,1
1,NewOrder,1670919326.953723,62237,0,1
2,Payment,1670919327.015973,24409,0,1
1,NewOrder,1670919327.040391,64496,0,1
1,NewOrder,1670919327.104899,53928,0,1
2,Payment,1670919327.158836,28164,0,1
1,NewOrder,1670919327.187009,36314,0,1
2,Payment,1670919327.223334,30267,0,1
1,NewOrder,1670919327.253610,45166,0,1
1,NewOrder,1670919327.298793,42126,0,1
1,NewOrder,1670919327.340930,52833,0,1
2,Payment,1670919327.393775,33594,0,1
1,NewOrder,1670919327.427378,67104,0,1
1,NewOrder,1670919327.494492,61052,0,1
2,Payment,1670919327.555557,43188,0,1
3,OrderStatus,1670919327.598758,5299,0,1
1,NewOrder,1670919327.604066,65290,0,1
1,NewOrder,1670919327.669367,65184,0,1
1,NewOrder,1670919327.734561,125425,0,1
2,Payment,1670919327.859995,32093,0,1
2,Payment,1670919327.892098,35512,0,1
2,Payment,1670919327.927619,23578,0,1
1,NewOrder,1670919327.951207,42969,0,1
2,Payment,1670919327.994187,23175,0,1
1,NewOrder,1670919328.017375,53650,0,1
1,NewOrder,1670919328.071038,43874,0,1
2,Payment,1670919328.114924,21261,0,1
1,NewOrder,1670919328.136198,59396,0,1
2,Payment,1670919328.195607,35582,0,1
2,Payment,1670919328.231200,49940,0,1
2,Payment,1670919328.281151,35990,0,1
2,Payment,1670919328.317150,29859,0,1
1,NewOrder,1670919328.347019,35463,0,1
5,StockLevel,1670919328.382492,18883,0,1
2,Payment,1670919328.401384,26865,0,1
4,Delivery,1670919328.428258,42591,0,1
2,Payment,1670919328.470861,32410,0,1
1,NewOrder,1670919328.503281,85911,0,1
1,NewOrder,1670919328.589205,108165,0,1
5,StockLevel,1670919328.697386,16415,0,1
1,NewOrder,1670919328.713813,50204,0,1
1,NewOrder,1670919328.764032,49880,0,1
1,NewOrder,1670919328.813924,43106,0,1
4,Delivery,1670919328.857040,36592,0,1
1,NewOrder,1670919328.893642,118018,0,1
1,NewOrder,1670919329.011673,102852,0,1
2,Payment,1670919329.114541,40174,0,1
1,NewOrder,1670919329.154728,68982,0,1
2,Payment,1670919329.223722,29398,0,1
1,NewOrder,1670919329.253131,47231,0,1
1,NewOrder,1670919329.300371,41768,0,1
2,Payment,1670919329.342149,23581,0,1
2,Payment,1670919329.365737,22505,0,1
2,Payment,1670919329.388250,25836,0,1
1,NewOrder,1670919329.414094,48778,0,1
1,NewOrder,1670919329.462881,32743,0,1
1,NewOrder,1670919329.495640,42713,0,1
1,NewOrder,1670919329.538366,72981,0,1
1,NewOrder,1670919329.611364,76833,0,1
1,NewOrder,1670919329.688210,50256,0,1
2,Payment,1670919329.738478,68365,0,1
1,NewOrder,1670919329.806852,55806,0,1
2,Payment,1670919329.862671,23094,0,1
1,NewOrder,1670919329.885779,42893,0,1
1,NewOrder,1670919329.928688,46075,0,1
2,Payment,1670919329.974777,20014,0,1
5,StockLevel,1670919329.994807,17155,0,1
2,Payment,1670919330.011974,26879,0,1
1,NewOrder,1670919330.038866,60083,0,1
1,NewOrder,1670919330.098959,50080,0,1
1,NewOrder,1670919330.149059,58132,0,1
2,Payment,1670919330.207210,34369,0,1
1,NewOrder,1670919330.241602,52478,0,1
4,Delivery,1670919330.294091,38939,0,1
1,NewOrder,1670919330.333040,42055,0,1
2,Payment,1670919330.375106,19484,0,1
2,Payment,1670919330.394603,20323,0,1
2,Payment,1670919330.414939,35017,0,1
5,StockLevel,1670919330.449970,17274,0,1
2,Payment,1670919330.467255,43542,0,1
1,NewOrder,1670919330.510813,65705,0,1
1,NewOrder,1670919330.576534,91955,0,1
2,Payment,1670919330.668500,33493,0,1
1,NewOrder,1670919330.702004,35630,0,1
1,NewOrder,1670919330.737646,43071,0,1
2,Payment,1670919330.780730,29803,0,1
2,Payment,1670919330.810556,27335,0,1
4,Delivery,1670919330.837906,57885,0,1
2,Payment,1670919330.895799,23140,0,1
2,Payment,1670919330.918954,25018,0,1
5,StockLevel,1670919330.943986,17426,0,1
1,NewOrder,1670919330.961422,31358,0,1
1,NewOrder,1670919330.992797,35467,0,1
2,Payment,1670919331.028275,33405,0,1
2,Payment,1670919331.061690,30457,0,1
1,NewOrder,1670919331.092159,60904,0,1
2,Payment,1670919331.153074,43848,0,1
2,Payment,1670919331.196932,26208,0,1
1,NewOrder,1670919331.223151,33793,0,1
2,Payment,1670919331.256957,34272,0,1
2,Payment,1670919331.291240,27371,0,1
1,NewOrder,1670919331.318656,49135,0,1
2,Payment,1670919331.367826,23978,0,1
1,NewOrder,1670919331.391819,53712,0,1
1,NewOrder,1670919331.445539,43204,0,1
1,NewOrder,1670919331.488752,48814,0,1
2,Payment,1670919331.537572,35116,0,1
2,Payment,1670919331.572696,47226,0,1
1,NewOrder,1670919331.619931,83065,0,1
2,Payment,1670919331.703004,20828,0,1
2,Payment,1670919331.723839,35021,0,1
2,Payment,1670919331.758869,37807,0,1
3,OrderStatus,1670919331.796684,2916,0,1
2,Payment,1670919331.799605,29924,0,1
2,Payment,1670919331.829536,23821,0,1
1,NewOrder,1670919331.853365,46672,0,1
2,Payment,1670919331.900044,20953,0,1
2,Payment,1670919331.921017,21962,0,1
1,NewOrder,1670919331.942987,46066,0,1
1,NewOrder,1670919331.989059,31501,0,1
2,Payment,1670919332.020567,24836,0,1
1,NewOrder,1670919332.045409,81753,0,1
2,Payment,1670919332.127168,27536,0,1
2,Payment,1670919332.154712,34404,0,1
1,NewOrder,1670919332.189123,39581,0,1
2,Payment,1670919332.228710,23547,0,1
1,NewOrder,1670919332.252262,33810,0,1
1,NewOrder,1670919332.286078,35672,0,1
1,NewOrder,1670919332.321757,33966,0,1
1,NewOrder,1670919332.355728,36211,0,1
2,Payment,1670919332.391947,25658,0,1
1,NewOrder,1670919332.417611,31398,0,1
1,NewOrder,1670919332.449015,35073,0,1
2,Payment,1670919332.484095,39427,0,1
1,NewOrder,1670919332.523530,132280,0,1
1,NewOrder,1670919332.655819,140366,0,1
1,NewOrder,1670919332.796197,91398,0,1
4,Delivery,1670919332.887603,47008,0,1
2,Payment,1670919332.934617,25617,0,1
1,NewOrder,1670919332.960241,38774,0,1
1,NewOrder,1670919332.999022,61897,0,1
1,NewOrder,1670919333.060934,34058,0,1
1,NewOrder,1670919333.095007,55348,0,1
1,NewOrder,1670919333.150369,48656,0,1
1,NewOrder,1670919333.199033,37246,0,1
4,Delivery,1670919333.236286,37907,0,1
2,Payment,1670919333.274203,25255,0,1
1,NewOrder,1670919333.299465,43143,0,1
2,Payment,1670919333.342620,23732,0,1
5,StockLevel,1670919333.366363,16299,0,1
1,NewOrder,1670919333.382671,33713,0,1
3,OrderStatus,1670919333.416395,3729,0,1
2,Payment,1670919333.420132,37963,0,1
5,StockLevel,1670919333.458107,16741,0,1
2,Payment,1670919333.474856,35073,0,1
2,Payment,1670919333.509940,27374,0,1
1,NewOrder,1670919333.537321,59556,0,1
1,NewOrder,1670919333.596884,39923,0,1
1,NewOrder,1670919333.636816,68803,0,1
3,OrderStatus,1670919333.705626,3347,0,1
2,Payment,1670919333.708982,34294,0,1
1,NewOrder,1670919333.743284,35086,0,1
1,NewOrder,1670919333.778378,41933,0,1
2,Payment,1670919333.820319,24017,0,1
5,StockLevel,1670919333.844343,17317,0,1
2,Payment,1670919333.861665,20468,0,1
1,NewOrder,1670919333.882141,46067,0,1
5,StockLevel,1670919333.928214,37461,0,1
2,Payment,1670919333.965683,22455,0,1
1,NewOrder,1670919333.988145,46636,0,1
2,Payment,1670919334.034790,24157,0,1
1,NewOrder,1670919334.058955,58603,0,1
1,NewOrder,1670919334.117566,42644,0,1
1,NewOrder,1670919334.160217,55726,0,1
2,Payment,1670919334.215950,26010,0,1
2,Payment,1670919334.241965,25855,0,1
1,NewOrder,1670919334.267826,31882,0,1
2,Payment,1670919334.299714,20565,0,1
1,NewOrder,1670919334.320286,47066,0,1
2,Payment,1670919334.367359,26524,0,1
1,NewOrder,1670919334.393890,44168,0,1
4,Delivery,1670919334.438066,56689,0,1
1,NewOrder,1670919334.494762,51891,0,1
2,Payment,1670919334.546661,36563,0,1
1,NewOrder,1670919334.583234,54028,0,1
2,Payment,1670919334.637269,28970,0,1
1,NewOrder,1670919334.666248,55153,0,1
3,OrderStatus,1670919334.721409,3108,0,1
2,Payment,1670919334.724522,37118,0,1
2,Payment,1670919334.761646,43635,0,1
2,Payment,1670919334.805288,30196,0,1
2,Payment,1670919334.835491,25227,0,1
2,Payment,1670919334.860724,27487,0,1
2,Payment,1670919334.888219,27745,0,1
1,NewOrder,1670919334.915971,34664,0,1
2,Payment,1670919334.950642,24485,0,1
1,NewOrder,1670919334.975134,57032,0,1
1,NewOrder,1670919335.032172,61467,0,1
5,StockLevel,1670919335.093645,17296,0,1
3,OrderStatus,1670919335.110948,3289,0,1
2,Payment,1670919335.114244,45611,0,1
2,Payment,1670919335.159862,37228,0,1
1,NewOrder,1670919335.197096,29034,0,1
1,NewOrder,1670919335.226136,56181,0,1
2,Payment,1670919335.282324,20359,0,1
1,NewOrder,1670919335.302690,64647,0,1
2,Payment,1670919335.367344,23705,0,1
2,Payment,1670919335.391055,27091,0,1
1,NewOrder,1670919335.418152,48156,0,1
2,Payment,1670919335.466315,36951,0,1
1,NewOrder,1670919335.503273,75699,0,1
1,NewOrder,1670919335.578980,53503,0,1
1,NewOrder,1670919335.632490,53465,0,1
1,NewOrder,1670919335.685963,58487,0,1
2,Payment,1670919335.744456,36356,0,1
1,NewOrder,1670919335.780820,44100,0,1
1,NewOrder,1670919335.824926,28849,0,1
1,NewOrder,1670919335.853780,42698,0,1
2,Payment,1670919335.896484,30782,0,1
4,Delivery,1670919335.927271,58710,0,1
1,NewOrder,1670919335.985987,42735,0,1
1,NewOrder,1670919336.028730,44181,0,1
2,Payment,1670919336.072920,37473,0,1
2,Payment,1670919336.110402,24806,0,1
5,StockLevel,1670919336.135219,16176,0,1
1,NewOrder,1670919336.151404,48512,0,1
5,StockLevel,1670919336.199923,16876,0,1
1,NewOrder,1670919336.216804,46675,0,1
1,NewOrder,1670919336.263486,45252,0,1
1,NewOrder,1670919336.308745,43874,0,1
2,Payment,1670919336.352625,21760,0,1
1,NewOrder,1670919336.374391,48430,0,1
1,NewOrder,1670919336.422826,68789,0,1
2,Payment,1670919336.491625,28630,0,1
2,Payment,1670919336.520262,20588,0,1
1,NewOrder,1670919336.540855,62283,0,1
1,NewOrder,1670919336.603146,62608,0,1
2,Payment,1670919336.665761,49148,0,1
2,Payment,1670919336.714916,23787,0,1
4,Delivery,1670919336.738710,43096,0,1
2,Payment,1670919336.781813,23901,0,1
2,Payment,1670919336.805723,23783,0,1
1,NewOrder,1670919336.829512,36123,0,1
3,OrderStatus,1670919336.865641,2924,0,1
1,NewOrder,1670919336.868571,36311,0,1
1,NewOrder,1670919336.904888,48390,0,1
2,Payment,1670919336.953284,39521,0,1
1,NewOrder,1670919336.992828,62631,0,1
1,NewOrder,1670919337.055466,40610,0,1
2,Payment,1670919337.096081,25443,0,1
1,NewOrder,1670919337.121530,46872,0,1
2,Payment,1670919337.168410,27945,0,1
2,Payment,1670919337.196364,21347,0,1
1,NewOrder,1670919337.217717,44155,0,1
2,Payment,1670919337.261877,28962,0,1
5,StockLevel,1670919337.290844,15716,0,1
2,Payment,1670919337.306565,24278,0,1
2,Payment,1670919337.330848,44482,0,1
2,Payment,1670919337.375337,32377,0,1
1,NewOrder,1670919337.407721,44084,0,1
1,NewOrder,1670919337.451811,39112,0,1
4,Delivery,1670919337.490929,45103,0,1
3,OrderStatus,1670919337.536038,2868,0,1
1,NewOrder,1670919337.538912,48146,0,1
3,OrderStatus,1670919337.587064,3242,0,1
5,StockLevel,1670919337.590311,16667,0,1
2,Payment,1670919337.606991,49598,0,1
3,OrderStatus,1670919337.656596,2650,0,1
2,Payment,1670919337.659250,41719,0,1
2,Payment,1670919337.700975,23415,0,1
2,Payment,1670919337.724396,21636,0,1
2,Payment,1670919337.746038,22874,0,1
2,Payment,1670919337.768918,28617,0,1
3,OrderStatus,1670919337.797541,4223,0,1
2,Payment,1670919337.801771,32955,0,1
4,Delivery,1670919337.834732,40687,0,1
2,Payment,1670919337.875426,25289,0,1
2,Payment,1670919337.900722,25273,0,1
2,Payment,1670919337.926000,23701,0,1
1,NewOrder,1670919337.949707,65710,0,1
2,Payment,1670919338.015425,32320,0,1
1,NewOrder,1670919338.047752,53062,0,1
2,Payment,1670919338.100820,22816,0,1
2,Payment,1670919338.123643,23823,0,1
2,Payment,1670919338.147473,25280,0,1
2,Payment,1670919338.172760,55109,0,1
1,NewOrder,1670919338.227876,42123,0,1
2,Payment,1670919338.270006,19429,0,1
1,NewOrder,1670919338.289441,62707,0,1
2,Payment,1670919338.352156,29717,0,1
2,Payment,1670919338.381879,42089,0,1
1,NewOrder,1670919338.423974,48127,0,1
1,NewOrder,1670919338.472108,31234,0,1
1,NewOrder,1670919338.503349,30986,0,1
2,Payment,1670919338.534342,23132,0,1
5,StockLevel,1670919338.557482,16584,0,1
2,Payment,1670919338.574071,76898,0,1
1,NewOrder,1670919338.650977,60303,0,1
2,Payment,1670919338.711289,25421,0,1
2,Payment,1670919338.736716,21358,0,1
5,StockLevel,1670919338.758082,16602,0,1
2,Payment,1670919338.774692,19480,0,1
1,NewOrder,1670919338.794178,50039,0,1
1,NewOrder,1670919338.844224,68029,0,1
1,NewOrder,1670919338.912262,50976,0,1
2,Payment,1670919338.963244,29907,0,1
1,NewOrder,1670919338.993158,51955,0,1
1,NewOrder,1670919339.045119,51769,0,1
1,NewOrder,1670919339.096895,33692,0,1
2,Payment,1670919339.130593,23906,0,1
1,NewOrder,1670919339.154505,47804,0,1
1,NewOrder,1670919339.202314,59913,0,1
1,NewOrder,1670919339.262233,45393,0,1
1,NewOrder,1670919339.307632,43959,0,1
3,OrderStatus,1670919339.351597,3696,0,1
1,NewOrder,1670919339.355301,38741,0,1
4,Delivery,1670919339.394052,45769,0,1
2,Payment,1670919339.439829,25297,0,1
1,NewOrder,1670919339.465132,56940,0,1
1,NewOrder,1670919339.522079,58682,0,1
2,Payment,1670919339.580769,50046,0,1
5,StockLevel,1670919339.630824,18467,0,1
2,Payment,1670919339.649297,39652,0,1
2,Payment,1670919339.688966,32420,0,1
2,Payment,1670919339.721395,27802,0,1
2,Payment,1670919339.749204,22884,0,1
1,NewOrder,1670919339.772096,32268,0,1
4,Delivery,1670919339.804371,51554,0,1
2,Payment,1670919339.855934,29230,0,1
2,Payment,1670919339.885172,62403,0,1
2,Payment,1670919339.947583,32858,0,1
1,NewOrder,1670919339.980448,30809,0,1
1,NewOrder,1670919340.011262,42864,0,1
2,Payment,1670919340.054132,26076,0,1
2,Payment,1670919340.080215,25079,0,1
1,NewOrder,1670919340.105300,47986,0,1
1,NewOrder,1670919340.153293,63012,0,1
1,NewOrder,1670919340.216311,49036,0,1
2,Payment,1670919340.265354,32196,0,1
1,NewOrder,1670919340.297558,29143,0,1
1,NewOrder,1670919340.326708,38205,0,1
2,Payment,1670919340.364920,26141,0,1
1,NewOrder,1670919340.391068,54461,0,1
5,StockLevel,1670919340.445537,18788,0,1
2,Payment,1670919340.464331,23426,0,1
1,NewOrder,1670919340.487774,51447,0,1
1,NewOrder,1670919340.539228,68417,0,1
2,Payment,1670919340.607656,39193,0,1
3,OrderStatus,1670919340.646855,3522,0,1
1,NewOrder,1670919340.650383,47951,0,1
2,Payment,1670919340.698341,38978,0,1
2,Payment,1670919340.737324,23247,0,1
2,Payment,1670919340.760577,30037,0,1
1,NewOrder,1670919340.790622,53442,0,1
1,NewOrder,1670919340.844070,43453,0,1
1,NewOrder,1670919340.887528,49142,0,1
2,Payment,1670919340.936677,24480,0,1
1,NewOrder,1670919340.961163,44416,0,1
2,Payment,1670919341.005587,20938,0,1
1,NewOrder,1670919341.026531,50584,0,1
1,NewOrder,1670919341.077121,49112,0,1
2,Payment,1670919341.126241,46705,0,1
1,NewOrder,1670919341.172953,49194,0,1
1,NewOrder,1670919341.222153,55900,0,1
1,NewOrder,1670919341.278060,18713,0,1
2,Payment,1670919341.296779,25291,0,1
2,Payment,1670919341.322076,23237,0,1
1,NewOrder,1670919341.345318,43265,0,1
2,Payment,1670919341.388590,31976,0,1
1,NewOrder,1670919341.420573,50305,0,1
1,NewOrder,1670919341.470887,55647,0,1
2,Payment,1670919341.526544,20856,0,1
2,Payment,1670919341.547407,27489,0,1
1,NewOrder,1670919341.574903,62846,0,1
1,NewOrder,1670919341.637755,35912,0,1
2,Payment,1670919341.673673,24600,0,1
2,Payment,1670919341.698280,28947,0,1
1,NewOrder,1670919341.727233,42568,0,1
2,Payment,1670919341.769806,20785,0,1
1,NewOrder,1670919341.790598,42734,0,1
2,Payment,1670919341.833337,42768,0,1
1,NewOrder,1670919341.876112,66449,0,1
1,NewOrder,1670919341.942567,44325,0,1
2,Payment,1670919341.986898,23456,0,1
1,NewOrder,1670919342.010360,29986,0,1
1,NewOrder,1670919342.040352,53090,0,1
1,NewOrder,1670919342.093449,42375,0,1
4,Delivery,1670919342.135831,62730,0,1
2,Payment,1670919342.198569,34050,0,1
1,NewOrder,1670919342.232637,33010,0,1
2,Payment,1670919342.265652,32807,0,1
1,NewOrder,1670919342.298465,44173,0,1
1,NewOrder,1670919342.342643,44941,0,1
4,Delivery,1670919342.387590,46931,0,1
1,NewOrder,1670919342.434526,37912,0,1
1,NewOrder,1670919342.472444,41590,0,1
1,NewOrder,1670919342.514040,48086,0,1
2,Payment,1670919342.562132,34828,0,1
1,NewOrder,1670919342.596966,49858,0,1
2,Payment,1670919342.646831,32203,0,1
5,StockLevel,1670919342.679040,16090,0,1
2,Payment,1670919342.695135,77719,0,1
1,NewOrder,1670919342.772861,91651,0,1
2,Payment,1670919342.864519,31821,0,1
2,Payment,1670919342.896346,34174,0,1
2,Payment,1670919342.930528,22595,0,1
1,NewOrder,1670919342.953129,43912,0,1
1,NewOrder,1670919342.997048,55081,0,1
1,NewOrder,1670919343.052135,63473,0,1
2,Payment,1670919343.115617,25422,0,1
2,Payment,1670919343.141046,25110,0,1
1,NewOrder,1670919343.166162,64740,0,1
2,Payment,1670919343.230908,24010,0,1
1,NewOrder,1670919343.254924,47765,0,1
1,NewOrder,1670919343.302695,33195,0,1
2,Payment,1670919343.335895,38672,0,1
5,StockLevel,1670919343.374573,16903,0,1
2,Payment,1670919343.391481,35844,0,1
1,NewOrder,1670919343.427331,51267,0,1
2,Payment,1670919343.478603,20793,0,1
2,Payment,1670919343.499403,31934,0,1
2,Payment,1670919343.531343,22162,0,1
1,NewOrder,1670919343.553510,129400,0,1
2,Payment,1670919343.682917,28660,0,1
3,OrderStatus,1670919343.711583,3794,0,1
1,NewOrder,1670919343.715383,50586,0,1
2,Payment,1670919343.765975,38739,0,1
2,Payment,1670919343.804720,41873,0,1
5,StockLevel,1670919343.846600,16818,0,1
2,Payment,1670919343.863423,44857,0,1
1,NewOrder,1670919343.908287,70061,0,1
1,NewOrder,1670919343.978355,44955,0,1
1,NewOrder,1670919344.023316,92495,0,1
1,NewOrder,1670919344.115820,49506,0,1
1,NewOrder,1670919344.165334,42732,0,1
2,Payment,1670919344.208071,36127,0,1
1,NewOrder,1670919344.244205,37767,0,1
1,NewOrder,1670919344.281978,53348,0,1
1,NewOrder,1670919344.335332,49074,0,1
1,NewOrder,1670919344.384412,34733,0,1
1,NewOrder,1670919344.419157,57870,0,1
1,NewOrder,1670919344.477037,81569,0,1
2,Payment,1670919344.558613,36375,0,1
2,Payment,1670919344.594996,36703,0,1
1,NewOrder,1670919344.631704,45447,0,1
1,NewOrder,1670919344.677156,60675,0,1
1,NewOrder,1670919344.737837,70134,0,1
2,Payment,1670919344.807978,34398,0,1
2,Payment,1670919344.842382,32049,0,1
2,Payment,1670919344.874436,27786,0,1
2,Payment,1670919344.902229,43829,0,1
3,OrderStatus,1670919344.946064,2893,0,1
1,NewOrder,1670919344.948961,50076,0,1
1,NewOrder,1670919344.999045,48097,0,1
1,NewOrder,1670919345.047147,47936,0,1
1,NewOrder,1670919345.095090,76280,0,1
2,Payment,1670919345.171378,25408,0,1
1,NewOrder,1670919345.196794,44115,0,1
2,Payment,1670919345.240924,20039,0,1
5,StockLevel,1670919345.260973,16624,0,1
1,NewOrder,1670919345.277603,40643,0,1
1,NewOrder,1670919345.318253,58628,0,1
1,NewOrder,1670919345.376887,31488,0,1
2,Payment,1670919345.408380,31651,0,1
2,Payment,1670919345.440036,20763,0,1
1,NewOrder,1670919345.460805,47479,0,1
1,NewOrder,1670919345.508290,61629,0,1
2,Payment,1670919345.569924,40536,0,1
5,StockLevel,1670919345.610466,16192,0,1
1,NewOrder,1670919345.626663,55884,0,1
2,Payment,1670919345.682553,59473,0,1
2,Payment,1670919345.742031,38938,0,1
2,Payment,1670919345.780975,32762,0,1
1,NewOrder,1670919345.813742,48766,0,1
1,NewOrder,1670919345.862515,57579,0,1
4,Delivery,1670919345.920099,67786,0,1
4,Delivery,1670919345.987891,52206,0,1
1,NewOrder,1670919346.040103,68072,0,1
2,Payment,1670919346.108182,43903,0,1
2,Payment,1670919346.152091,22528,0,1
2,Payment,1670919346.174624,23547,0,1
1,NewOrder,1670919346.198178,33258,0,1
1,NewOrder,1670919346.231442,52770,0,1
1,NewOrder,1670919346.284227,43296,0,1
2,Payment,1670919346.327531,20951,0,1
3,OrderStatus,1670919346.348489,3005,0,1
1,NewOrder,1670919346.351499,32764,0,1
2,Payment,1670919346.384270,21168,0,1
1,NewOrder,1670919346.405444,41109,0,1
2,Payment,1670919346.446559,20957,0,1
1,NewOrder,1670919346.467521,47299,0,1
2,Payment,1670919346.514827,43114,0,1
1,NewOrder,1670919346.557946,65911,0,1
2,Payment,1670919346.623862,35946,0,1
2,Payment,1670919346.659813,35702,0,1
1,NewOrder,1670919346.695522,61546,0,1
2,Payment,1670919346.757073,36708,0,1
1,NewOrder,1670919346.793788,66708,0,1
1,NewOrder,1670919346.860503,64624,0,1
2,Payment,1670919346.925133,32400,0,1
3,OrderStatus,1670919346.957540,3207,0,1
5,StockLevel,1670919346.960752,16314,0,1
1,NewOrder,1670919346.977073,61946,0,1
1,NewOrder,1670919347.039027,59157,0,1
1,NewOrder,1670919347.098193,57437,0,1
1,NewOrder,1670919347.155639,44823,0,1
2,Payment,1670919347.200470,26003,0,1
1,NewOrder,1670919347.226479,22113,0,1
1,NewOrder,1670919347.248598,59802,0,1
2,Payment,1670919347.308406,35977,0,1
2,Payment,1670919347.344390,30301,0,1
2,Payment,1670919347.374697,35355,0,1
1,NewOrder,1670919347.410056,36721,0,1
2,Payment,1670919347.446785,20351,0,1
2,Payment,1670919347.467142,23709,0,1
1,NewOrder,1670919347.490857,53698,0,1
2,Payment,1670919347.544562,29919,0,1
2,Payment,1670919347.574487,43247,0,1
2,Payment,1670919347.617741,41330,0,1
1,NewOrder,1670919347.659078,74239,0,1
1,NewOrder,1670919347.733322,56160,0,1
1,NewOrder,1670919347.789489,56912,0,1
1,NewOrder,1670919347.846410,69452,0,1
2,Payment,1670919347.915869,54080,0,1
1,NewOrder,1670919347.969956,50236,0,1
1,NewOrder,1670919348.020199,69674,0,1
5,StockLevel,1670919348.089881,15957,0,1
2,Payment,1670919348.105843,24715,0,1
1,NewOrder,1670919348.130565,61404,0,1
2,Payment,1670919348.191976,30535,0,1
1,NewOrder,1670919348.222518,47496,0,1
1,NewOrder,1670919348.270030,34621,0,1
1,NewOrder,1670919348.304660,40982,0,1
2,Payment,1670919348.345650,27816,0,1
4,Delivery,1670919348.373472,54797,0,1
2,Payment,1670919348.428275,23379,0,1
2,Payment,1670919348.451660,25103,0,1
5,StockLevel,1670919348.476769,15754,0,1
2,Payment,1670919348.492527,20235,0,1
1,NewOrder,1670919348.512766,44146,0,1
2,Payment,1670919348.556918,71357,0,1
2,Payment,1670919348.628290,59286,0,1
1,NewOrder,1670919348.687584,56204,0,1
1,NewOrder,1670919348.743800,43570,0,1
2,Payment,1670919348.787377,74092,0,1
2,Payment,1670919348.861476,41659,0,1
1,NewOrder,1670919348.903143,63033,0,1
2,Payment,1670919348.966183,30307,0,1
1,NewOrder,1670919348.996496,65586,0,1
1,NewOrder,1670919349.062090,61728,0,1
2,Payment,1670919349.123824,18619,0,1
1,NewOrder,1670919349.142449,34114,0,1
2,Payment,1670919349.176569,26230,0,1
4,Delivery,1670919349.202804,47989,0,1
2,Payment,1670919349.250802,24605,0,1
5,StockLevel,1670919349.275415,16218,0,1
1,NewOrder,1670919349.291638,52443,0,1
1,NewOrder,1670919349.344095,57306,0,1
1,NewOrder,1670919349.401413,50342,0,1
1,NewOrder,1670919349.451772,35593,0,1
1,NewOrder,1670919349.487373,40567,0,1
3,OrderStatus,1670919349.527946,3240,0,1
2,Payment,1670919349.531190,25978,0,1
1,NewOrder,1670919349.557174,55069,0,1
1,NewOrder,1670919349.612250,40123,0,1
2,Payment,1670919349.652380,40742,0,1
2,Payment,1670919349.693136,45708,0,1
2,Payment,1670919349.738852,36542,0,1
5,StockLevel,1670919349.775402,15343,0,1
1,NewOrder,1670919349.790750,44063,0,1
1,NewOrder,1670919349.834819,79676,0,1
1,NewOrder,1670919349.914502,90174,0,1
2,Payment,1670919350.004681,28053,0,1
3,OrderStatus,1670919350.032740,3471,0,1
1,NewOrder,1670919350.036215,43779,0,1
1,NewOrder,1670919350.079999,38593,0,1
2,Payment,1670919350.118597,25616,0,1
2,Payment,1670919350.144218,22564,0,1
2,Payment,1670919350.166787,23001,0,1
2,Payment,1670919350.189793,22528,0,1
2,Payment,1670919350.212326,33637,0,1
1,NewOrder,1670919350.245967,46239,0,1
2,Payment,1670919350.292212,35313,0,1
2,Payment,1670919350.327530,21901,0,1
1,NewOrder,1670919350.349436,40305,0,1
2,Payment,1670919350.389746,20920,0,1
3,OrderStatus,1670919350.410671,3398,0,1
5,StockLevel,1670919350.414073,16864,0,1
1,NewOrder,1670919350.430942,37796,0,1
5,StockLevel,1670919350.468743,16692,0,1
2,Payment,1670919350.485438,22218,0,1
2,Payment,1670919350.507661,23001,0,1
1,NewOrder,1670919350.530667,61808,0,1
2,Payment,1670919350.592482,48064,0,1
2,Payment,1670919350.640553,32959,0,1
2,Payment,1670919350.673517,59740,0,1
1,NewOrder,1670919350.733263,46311,0,1
1,NewOrder,1670919350.779579,41563,0,1
2,Payment,1670919350.821149,33138,0,1
1,NewOrder,1670919350.854293,64726,0,1
1,NewOrder,1670919350.919024,51288,0,1
2,Payment,1670919350.970318,56175,0,1
2,Payment,1670919351.026498,37544,0,1
1,NewOrder,1670919351.064049,35149,0,1
1,NewOrder,1670919351.099203,48678,0,1
3,OrderStatus,1670919351.147889,2802,0,1
2,Payment,1670919351.150695,22704,0,1
2,Payment,1670919351.173405,44295,0,1
1,NewOrder,1670919351.217705,34655,0,1
2,Payment,1670919351.252366,29516,0,1
2,Payment,1670919351.281888,39287,0,1
1,NewOrder,1670919351.321179,61317,0,1
1,NewOrder,1670919351.382504,36326,0,1
1,NewOrder,1670919351.418835,43726,0,1
1,NewOrder,1670919351.462567,47967,0,1
1,NewOrder,1670919351.510543,49242,0,1
1,NewOrder,1670919351.559794,71556,0,1
2,Payment,1670919351.631357,49188,0,1
1,NewOrder,1670919351.680549,50663,0,1
4,Delivery,1670919351.731218,72291,0,1
2,Payment,1670919351.803514,36098,0,1
5,StockLevel,1670919351.839618,15886,0,1
1,NewOrder,1670919351.855507,76181,0,1
1,NewOrder,1670919351.931694,89862,0,1
2,Payment,1670919352.021563,40992,0,1
1,NewOrder,1670919352.062562,57932,0,1
2,Payment,1670919352.120502,38584,0,1
5,StockLevel,1670919352.159092,16089,0,1
1,NewOrder,1670919352.175186,79540,0,1
2,Payment,1670919352.254733,20434,0,1
2,Payment,1670919352.275173,24169,0,1
2,Payment,1670919352.299348,20424,0,1
2,Payment,1670919352.319778,20138,0,1
2,Payment,1670919352.339921,21462,0,1
2,Payment,1670919352.361389,20771,0,1
1,NewOrder,1670919352.382166,48135,0,1
1,NewOrder,1670919352.430307,49833,0,1
2,Payment,1670919352.480147,61002,0,1
1,NewOrder,1670919352.541155,35225,0,1
2,Payment,1670919352.576387,36296,0,1
2,Payment,1670919352.612690,23438,0,1
2,Payment,1670919352.636134,42667,0,1
2,Payment,1670919352.678807,20296,0,1
1,NewOrder,1670919352.699109,42742,0,1
2,Payment,1670919352.741857,31433,0,1
1,NewOrder,1670919352.773296,70950,0,1
2,Payment,1670919352.844255,35305,0,1
2,Payment,1670919352.879567,44509,0,1
2,Payment,1670919352.924081,29324,0,1
2,Payment,1670919352.953412,26678,0,1
2,Payment,1670919352.980098,23965,0,1
2,Payment,1670919353.004069,30740,0,1
5,StockLevel,1670919353.034814,16549,0,1
2,Payment,1670919353.051368,36445,0,1
1,NewOrder,1670919353.087824,49521,0,1
1,NewOrder,1670919353.137357,45016,0,1
2,Payment,1670919353.182381,23671,0,1
1,NewOrder,1670919353.206057,63582,0,1
2,Payment,1670919353.269645,26334,0,1
1,NewOrder,1670919353.295984,43105,0,1
1,NewOrder,1670919353.339094,47446,0,1
2,Payment,1670919353.386546,23510,0,1
1,NewOrder,1670919353.410062,61649,0,1
5,StockLevel,1670919353.471717,16193,0,1
1,NewOrder,1670919353.487914,50557,0,1
1,NewOrder,1670919353.538476,52310,0,1
1,NewOrder,1670919353.590792,54603,0,1
4,Delivery,1670919353.645402,54527,0,1
4,Delivery,1670919353.699936,87263,0,1
2,Payment,1670919353.787206,44002,0,1
2,Payment,1670919353.831214,30776,0,1
2,Payment,1670919353.861996,40755,0,1
2,Payment,1670919353.902757,35844,0,1
1,NewOrder,1670919353.938607,50801,0,1
5,StockLevel,1670919353.989415,16116,0,1
2,Payment,1670919354.005536,42976,0,1
2,Payment,1670919354.048517,30766,0,1
1,NewOrder,1670919354.079288,40397,0,1
1,NewOrder,1670919354.119692,37318,0,1
2,Payment,1670919354.157016,23069,0,1
1,NewOrder,1670919354.180090,50400,0,1
5,StockLevel,1670919354.230496,17402,0,1
2,Payment,1670919354.247902,30897,0,1
1,NewOrder,1670919354.278805,65777,0,1
2,Payment,1670919354.344588,20425,0,1
2,Payment,1670919354.365018,24655,0,1
2,Payment,1670919354.389680,20581,0,1
1,NewOrder,1670919354.410267,42897,0,1
1,NewOrder,1670919354.453171,69165,0,1
1,NewOrder,1670919354.522343,55912,0,1
2,Payment,1670919354.578263,49734,0,1
2,Payment,1670919354.628003,30058,0,1
2,Payment,1670919354.658071,34019,0,1
1,NewOrder,1670919354.692095,53508,0,1
1,NewOrder,1670919354.745611,36817,0,1
1,NewOrder,1670919354.782434,52812,0,1
1,NewOrder,1670919354.835254,30857,0,1
1,NewOrder,1670919354.866118,48914,0,1
2,Payment,1670919354.915038,18622,0,1
2,Payment,1670919354.933667,42271,0,1
1,NewOrder,1670919354.975943,60617,0,1
4,Delivery,1670919355.036567,66476,0,1
1,NewOrder,1670919355.103049,44800,0,1
2,Payment,1670919355.147856,19833,0,1
1,NewOrder,1670919355.167695,49173,0,1
1,NewOrder,1670919355.216875,28737,0,1
2,Payment,1670919355.245618,29126,0,1
1,NewOrder,1670919355.274751,36088,0,1
1,NewOrder,1670919355.310844,54659,0,1
1,NewOrder,1670919355.365508,46885,0,1
2,Payment,1670919355.412399,25286,0,1
1,NewOrder,1670919355.437691,30806,0,1
2,Payment,1670919355.468503,20873,0,1
1,NewOrder,1670919355.489385,27318,0,1
1,NewOrder,1670919355.516708,43095,0,1
2,Payment,1670919355.559809,32098,0,1
2,Payment,1670919355.591914,47391,0,1
1,NewOrder,1670919355.639311,61062,0,1
1,NewOrder,1670919355.700379,37008,0,1
1,NewOrder,1670919355.737392,73870,0,1
1,NewOrder,1670919355.811268,63352,0,1
3,OrderStatus,1670919355.874626,3164,0,1
1,NewOrder,1670919355.877796,35732,0,1
3,OrderStatus,1670919355.913534,3236,0,1
5,StockLevel,1670919355.916774,16263,0,1
2,Payment,1670919355.933042,20385,0,1
1,NewOrder,1670919355.953434,45052,0,1
2,Payment,1670919355.998492,23422,0,1
4,Delivery,1670919356.021920,46262,0,1
1,NewOrder,1670919356.068189,65168,0,1
1,NewOrder,1670919356.133364,57799,0,1
3,OrderStatus,1670919356.191168,22953,0,1
2,Payment,1670919356.214126,71782,0,1
5,StockLevel,1670919356.285919,17542,0,1
1,NewOrder,1670919356.303469,29708,0,1
1,NewOrder,1670919356.333185,45087,0,1
2,Payment,1670919356.378278,22961,0,1
1,NewOrder,1670919356.401245,39088,0,1
1,NewOrder,1670919356.440338,61921,0,1
3,OrderStatus,1670919356.502264,4035,0,1
2,Payment,1670919356.506304,31326,0,1
1,NewOrder,1670919356.537637,30974,0,1
2,Payment,1670919356.568620,35630,0,1
1,NewOrder,1670919356.604256,61400,0,1
2,Payment,1670919356.665664,26688,0,1
2,Payment,1670919356.692358,38421,0,1
1,NewOrder,1670919356.730785,51936,0,1
1,NewOrder,1670919356.782728,71964,0,1
2,Payment,1670919356.854698,26463,0,1
2,Payment,1670919356.881167,23857,0,1
1,NewOrder,1670919356.905030,39484,0,1
1,NewOrder,1670919356.944521,40075,0,1
1,NewOrder,1670919356.984602,32130,0,1
1,NewOrder,1670919357.016737,46806,0,1
2,Payment,1670919357.063557,23942,0,1
1,NewOrder,1670919357.087507,55759,0,1
2,Payment,1670919357.143272,22705,0,1
5,StockLevel,1670919357.165983,15189,0,1
2,Payment,1670919357.181176,37164,0,1
2,Payment,1670919357.218346,36848,0,1
1,NewOrder,1670919357.255201,41882,0,1
2,Payment,1670919357.297088,21605,0,1
1,NewOrder,1670919357.318699,49196,0,1
2,Payment,1670919357.367902,22442,0,1
4,Delivery,1670919357.390352,59465,0,1
2,Payment,1670919357.449823,20822,0,1
1,NewOrder,1670919357.470650,43744,0,1
2,Payment,1670919357.514401,23989,0,1
1,NewOrder,1670919357.538397,99243,0,1
2,Payment,1670919357.637647,28418,0,1
4,Delivery,1670919357.666073,50818,0,1
4,Delivery,1670919357.716898,61049,0,1
2,Payment,1670919357.777952,50980,0,1
2,Payment,1670919357.828940,39665,0,1
1,NewOrder,1670919357.868612,73029,0,1
1,NewOrder,1670919357.941649,60045,0,1
2,Payment,1670919358.001699,24618,0,1
1,NewOrder,1670919358.026322,45159,0,1
1,NewOrder,1670919358.071488,32530,0,1
3,OrderStatus,1670919358.104029,3680,0,1
1,NewOrder,1670919358.107715,31724,0,1
2,Payment,1670919358.139447,27094,0,1
2,Payment,1670919358.166560,28328,0,1
2,Payment,1670919358.194900,26327,0,1
4,Delivery,1670919358.221240,54290,0,1
1,NewOrder,1670919358.275542,52681,0,1
5,StockLevel,1670919358.328229,18233,0,1
2,Payment,1670919358.346471,24181,0,1
1,NewOrder,1670919358.370662,43376,0,1
1,NewOrder,1670919358.414047,38557,0,1
1,NewOrder,1670919358.452614,32378,0,1
2,Payment,1670919358.485000,21519,0,1
2,Payment,1670919358.506527,24567,0,1
1,NewOrder,1670919358.531101,31530,0,1
2,Payment,1670919358.562639,27669,0,1
1,NewOrder,1670919358.590315,88827,0,1
2,Payment,1670919358.679148,27233,0,1
2,Payment,1670919358.706387,36594,0,1
3,OrderStatus,1670919358.742987,2691,0,1
2,Payment,1670919358.745683,25141,0,1
2,Payment,1670919358.770829,36659,0,1
2,Payment,1670919358.807496,31623,0,1
1,NewOrder,1670919358.839126,45167,0,1
2,Payment,1670919358.884299,33510,0,1
1,NewOrder,1670919358.917817,53287,0,1
1,NewOrder,1670919358.971111,41413,0,1
2,Payment,1670919359.012531,24645,0,1
1,NewOrder,1670919359.037183,51429,0,1
2,Payment,1670919359.088620,21617,0,1
2,Payment,1670919359.110243,28300,0,1
2,Payment,1670919359.138549,20086,0,1
2,Payment,1670919359.158640,43905,0,1
1,NewOrder,1670919359.202550,40582,0,1
1,NewOrder,1670919359.243138,40489,0,1
2,Payment,1670919359.283633,33856,0,1
1,NewOrder,1670919359.317493,75007,0,1
2,Payment,1670919359.392508,26768,0,1
1,NewOrder,1670919359.419281,46208,0,1
2,Payment,1670919359.465496,25755,0,1
1,NewOrder,1670919359.491256,39840,0,1
1,NewOrder,1670919359.531102,42963,0,1
2,Payment,1670919359.574071,55547,0,1
2,Payment,1670919359.629623,55086,0,1
1,NewOrder,1670919359.684715,52834,0,1
1,NewOrder,1670919359.737555,61645,0,1
2,Payment,1670919359.799207,43810,0,1
5,StockLevel,1670919359.843023,17095,0,1
2,Payment,1670919359.860125,32824,0,1
1,NewOrder,1670919359.892954,38156,0,1
2,Payment,1670919359.931115,25576,0,1
2,Payment,1670919359.956697,26889,0,1
1,NewOrder,1670919359.983592,32505,0,1
3,OrderStatus,1670919360.016105,3398,0,1
1,NewOrder,1670919360.019508,31602,0,1
5,StockLevel,1670919360.051115,15696,0,1
4,Delivery,1670919360.066816,44352,0,1
2,Payment,1670919360.111173,25974,0,1
2,Payment,1670919360.137152,38390,0,1
2,Payment,1670919360.175547,31126,0,1
2,Payment,1670919360.206679,33466,0,1
2,Payment,1670919360.240151,28597,0,1
2,Payment,1670919360.268754,23224,0,1
5,StockLevel,1670919360.291984,16875,0,1
2,Payment,1670919360.308863,20631,0,1
1,NewOrder,1670919360.329499,46388,0,1
1,NewOrder,1670919360.375892,43911,0,1
1,NewOrder,1670919360.419809,53056,0,1
1,NewOrder,1670919360.472872,49460,0,1
1,NewOrder,1670919360.522337,58354,0,1
1,NewOrder,1670919360.580698,105052,0,1
1,NewOrder,1670919360.685756,64062,0,1
4,Delivery,1670919360.749824,55593,0,1
1,NewOrder,1670919360.805424,31806,0,1
1,NewOrder,1670919360.837236,56225,0,1
1,NewOrder,1670919360.893468,33390,0,1
2,Payment,1670919360.926863,24297,0,1
1,NewOrder,1670919360.951168,42036,0,1
2,Payment,1670919360.993209,23375,0,1
1,NewOrder,1670919361.016589,49987,0,1
1,NewOrder,1670919361.066582,50786,0,1
1,NewOrder,1670919361.117374,47215,0,1
1,NewOrder,1670919361.164594,54728,0,1
1,NewOrder,1670919361.219328,34589,0,1
2,Payment,1670919361.253924,23215,0,1
2,Payment,1670919361.277145,45681,0,1
2,Payment,1670919361.322833,24767,0,1
2,Payment,1670919361.347608,24396,0,1
1,NewOrder,1670919361.372010,48647,0,1
1,NewOrder,1670919361.420663,58017,0,1
1,NewOrder,1670919361.478687,52156,0,1
2,Payment,1670919361.530849,31799,0,1
1,NewOrder,1670919361.562654,52256,0,1
1,NewOrder,1670919361.614917,74871,0,1
1,NewOrder,1670919361.689795,72265,0,1
1,NewOrder,1670919361.762066,38931,0,1
2,Payment,1670919361.801002,25841,0,1
2,Payment,1670919361.826849,39873,0,1
2,Payment,1670919361.866727,31837,0,1
1,NewOrder,1670919361.898570,44832,0,1
1,NewOrder,1670919361.943409,44159,0,1
1,NewOrder,1670919361.987574,40850,0,1
2,Payment,1670919362.028431,22064,0,1
2,Payment,1670919362.050501,25710,0,1
1,NewOrder,1670919362.076216,41922,0,1
3,OrderStatus,1670919362.118144,2698,0,1
2,Payment,1670919362.120847,21625,0,1
2,Payment,1670919362.142479,28550,0,1
3,OrderStatus,1670919362.171037,3060,0,1
2,Payment,1670919362.174101,21986,0,1
1,NewOrder,1670919362.196093,42336,0,1
5,StockLevel,1670919362.238434,19764,0,1
2,Payment,1670919362.258203,26750,0,1
2,Payment,1670919362.284959,48989,0,1
1,NewOrder,1670919362.333957,36551,0,1
1,NewOrder,1670919362.370516,60771,0,1
1,NewOrder,1670919362.431293,56312,0,1
2,Payment,1670919362.487624,23153,0,1
3,OrderStatus,1670919362.510810,3000,0,1
1,NewOrder,1670919362.513816,50187,0,1
2,Payment,1670919362.564009,45404,0,1
1,NewOrder,1670919362.609420,59011,0,1
3,OrderStatus,1670919362.668437,4134,0,1
2,Payment,1670919362.672578,49907,0,1
1,NewOrder,1670919362.722491,106969,0,1
1,NewOrder,1670919362.829467,45864,0,1
2,Payment,1670919362.875338,21451,0,1
2,Payment,1670919362.896795,23364,0,1
2,Payment,1670919362.920166,25867,0,1
1,NewOrder,1670919362.946040,57387,0,1
2,Payment,1670919363.003438,30417,0,1
1,NewOrder,1670919363.033862,40243,0,1
2,Payment,1670919363.074124,32068,0,1
1,NewOrder,1670919363.106207,36837,0,1
2,Payment,1670919363.143057,24779,0,1
1,NewOrder,1670919363.167844,47085,0,1
2,Payment,1670919363.214937,24228,0,1
1,NewOrder,1670919363.239170,45138,0,1
2,Payment,1670919363.284316,24895,0,1
2,Payment,1670919363.309218,36039,0,1
2,Payment,1670919363.345263,37718,0,1
1,NewOrder,1670919363.382988,42643,0,1
2,Payment,1670919363.425636,21512,0,1
4,Delivery,1670919363.447154,47850,0,1
4,Delivery,1670919363.495010,39245,0,1
2,Payment,1670919363.534260,22448,0,1
2,Payment,1670919363.556713,20702,0,1
3,OrderStatus,1670919363.577422,3164,0,1
1,NewOrder,1670919363.580590,59250,0,1
5,StockLevel,1670919363.639846,39541,0,1
2,Payment,1670919363.679393,39356,0,1
3,OrderStatus,1670919363.718755,2667,0,1
2,Payment,1670919363.721426,40421,0,1
1,NewOrder,1670919363.761853,48570,0,1
1,NewOrder,1670919363.810429,70360,0,1
1,NewOrder,1670919363.880796,28207,0,1
1,NewOrder,1670919363.909009,51946,0,1
1,NewOrder,1670919363.960961,42778,0,1
2,Payment,1670919364.003744,28478,0,1
2,Payment,1670919364.032228,23620,0,1
2,Payment,1670919364.055852,27722,0,1
2,Payment,1670919364.083581,22295,0,1
1,NewOrder,1670919364.105881,34537,0,1
2,Payment,1670919364.140424,22610,0,1
1,NewOrder,1670919364.163039,52745,0,1
1,NewOrder,1670919364.215790,74919,0,1
1,NewOrder,1670919364.290715,37451,0,1
2,Payment,1670919364.328172,30470,0,1
2,Payment,1670919364.358647,22483,0,1
2,Payment,1670919364.381135,25312,0,1
1,NewOrder,1670919364.406452,38099,0,1
1,NewOrder,1670919364.444559,31053,0,1
2,Payment,1670919364.475618,20886,0,1
2,Payment,1670919364.496509,20868,0,1
2,Payment,1670919364.517384,23653,0,1
1,NewOrder,1670919364.541044,39732,0,1
1,NewOrder,1670919364.580782,84707,0,1
2,Payment,1670919364.665494,46860,0,1
1,NewOrder,1670919364.712360,47951,0,1
2,Payment,1670919364.760317,71271,0,1
1,NewOrder,1670919364.831596,132397,0,1
5,StockLevel,1670919364.964001,24933,0,1
1,NewOrder,1670919364.988938,34020,0,1
2,Payment,1670919365.022963,38146,0,1
1,NewOrder,1670919365.061115,80908,0,1
2,Payment,1670919365.142028,40790,0,1
1,NewOrder,1670919365.182824,47015,0,1
4,Delivery,1670919365.229845,46530,0,1
2,Payment,1670919365.276380,24242,0,1
2,Payment,1670919365.300627,24134,0,1
1,NewOrder,1670919365.324765,50697,0,1
2,Payment,1670919365.375468,23192,0,1
2,Payment,1670919365.398664,24369,0,1
2,Payment,1670919365.423039,32790,0,1
2,Payment,1670919365.455833,38105,0,1
3,OrderStatus,1670919365.493943,3275,0,1
2,Payment,1670919365.497222,31069,0,1
2,Payment,1670919365.528296,27646,0,1
1,NewOrder,1670919365.555948,86423,0,1
2,Payment,1670919365.642378,47792,0,1
1,NewOrder,1670919365.690175,63432,0,1
2,Payment,1670919365.753614,44783,0,1
2,Payment,1670919365.798402,36407,0,1
4,Delivery,1670919365.834816,75145,0,1
1,NewOrder,1670919365.909969,65167,0,1
2,Payment,1670919365.975142,45437,0,1
5,StockLevel,1670919366.020585,16985,0,1
1,NewOrder,1670919366.037574,47881,0,1
1,NewOrder,1670919366.085462,42925,0,1
5,StockLevel,1670919366.128393,16477,0,1
1,NewOrder,1670919366.144874,53437,0,1
1,NewOrder,1670919366.198318,55927,0,1
2,Payment,1670919366.254253,23363,0,1
1,NewOrder,1670919366.277624,51038,0,1
2,Payment,1670919366.328669,22233,0,1
1,NewOrder,1670919366.350909,43979,0,1
1,NewOrder,1670919366.394894,47461,0,1
1,NewOrder,1670919366.442363,43419,0,1
4,Delivery,1670919366.485794,66064,0,1
2,Payment,1670919366.551866,36972,0,1
1,NewOrder,1670919366.588844,53241,0,1
4,Delivery,1670919366.642092,147967,0,1
5,StockLevel,1670919366.790066,18447,0,1
1,NewOrder,1670919366.808520,46384,0,1
1,NewOrder,1670919366.854912,77213,0,1
1,NewOrder,1670919366.932130,68421,0,1
1,NewOrder,1670919367.000558,43742,0,1
5,StockLevel,1670919367.044307,16258,0,1
1,NewOrder,1670919367.060570,40860,0,1
2,Payment,1670919367.101436,23513,0,1
2,Payment,1670919367.124955,23110,0,1
1,NewOrder,1670919367.148072,45002,0,1
1,NewOrder,1670919367.193080,41195,0,1
1,NewOrder,1670919367.234283,59532,0,1
5,StockLevel,1670919367.293822,17556,0,1
5,StockLevel,1670919367.311386,16785,0,1
1,NewOrder,1670919367.328178,48292,0,1
3,OrderStatus,1670919367.376477,3586,0,1
1,NewOrder,1670919367.380068,43799,0,1
2,Payment,1670919367.423873,26006,0,1
1,NewOrder,1670919367.449884,38588,0,1
2,Payment,1670919367.488479,22610,0,1
1,NewOrder,1670919367.511095,46683,0,1
1,NewOrder,1670919367.557784,45774,0,1
1,NewOrder,1670919367.603564,68058,0,1
2,Payment,1670919367.671628,30734,0,1
2,Payment,1670919367.702369,38265,0,1
2,Payment,1670919367.740640,53103,0,1
2,Payment,1670919367.793750,34673,0,1
2,Payment,1670919367.828430,51608,0,1
2,Payment,1670919367.880043,53223,0,1
1,NewOrder,1670919367.933274,47655,0,1
1,NewOrder,1670919367.980935,42572,0,1
1,NewOrder,1670919368.023513,64434,0,1
2,Payment,1670919368.087953,26612,0,1
1,NewOrder,1670919368.114571,58002,0,1
2,Payment,1670919368.172578,34209,0,1
2,Payment,1670919368.206793,20651,0,1
5,StockLevel,1670919368.227451,17305,0,1
2,Payment,1670919368.244761,23053,0,1
2,Payment,1670919368.267819,26291,0,1
1,NewOrder,1670919368.294114,41141,0,1
1,NewOrder,1670919368.335261,29304,0,1
2,Payment,1670919368.364571,21457,0,1
1,NewOrder,1670919368.386035,31914,0,1
1,NewOrder,1670919368.417956,38888,0,1
1,NewOrder,1670919368.456849,50594,0,1
1,NewOrder,1670919368.507449,51624,0,1
2,Payment,1670919368.559078,35636,0,1
3,OrderStatus,1670919368.594720,3245,0,1
1,NewOrder,1670919368.597970,50241,0,1
2,Payment,1670919368.648218,28199,0,1
1,NewOrder,1670919368.676423,68111,0,1
4,Delivery,1670919368.744540,72275,0,1
2,Payment,1670919368.816822,46274,0,1
1,NewOrder,1670919368.863103,50266,0,1
2,Payment,1670919368.913376,35622,0,1
1,NewOrder,1670919368.949003,75096,0,1
2,Payment,1670919369.024106,38715,0,1
2,Payment,1670919369.062829,44465,0,1
2,Payment,1670919369.107299,26311,0,1
3,OrderStatus,1670919369.133617,2765,0,1
2,Payment,1670919369.136386,23971,0,1
1,NewOrder,1670919369.160362,48006,0,1
1,NewOrder,1670919369.208374,30094,0,1
2,Payment,1670919369.238473,24854,0,1
1,NewOrder,1670919369.263332,50917,0,1
1,NewOrder,1670919369.314255,46122,0,1
1,NewOrder,1670919369.360384,45680,0,1
1,NewOrder,1670919369.406070,36138,0,1
2,Payment,1670919369.442214,30862,0,1
4,Delivery,1670919369.473081,42630,0,1
2,Payment,1670919369.515717,24169,0,1
2,Payment,1670919369.539891,34231,0,1
1,NewOrder,1670919369.574128,52317,0,1
2,Payment,1670919369.626450,40174,0,1
1,NewOrder,1670919369.666631,67852,0,1
2,Payment,1670919369.734489,30335,0,1
1,NewOrder,1670919369.764831,44821,0,1
1,NewOrder,1670919369.809657,53812,0,1
2,Payment,1670919369.863476,34442,0,1
1,NewOrder,1670919369.897924,81688,0,1
3,OrderStatus,1670919369.979618,3214,0,1
2,Payment,1670919369.982837,53567,0,1
2,Payment,1670919370.036411,62098,0,1
1,NewOrder,1670919370.098515,31880,0,1
1,NewOrder,1670919370.130402,47176,0,1
1,NewOrder,1670919370.177585,33208,0,1
2,Payment,1670919370.210800,23537,0,1
2,Payment,1670919370.234343,28821,0,1
2,Payment,1670919370.263170,36785,0,1
5,StockLevel,1670919370.299960,17035,0,1
2,Payment,1670919370.316999,31846,0,1
2,Payment,1670919370.348851,27302,0,1
2,Payment,1670919370.376160,19489,0,1
1,NewOrder,1670919370.395654,32616,0,1
1,NewOrder,1670919370.428276,42250,0,1
2,Payment,1670919370.470534,22974,0,1
1,NewOrder,1670919370.493513,35019,0,1
1,NewOrder,1670919370.528539,47694,0,1
1,NewOrder,1670919370.576240,70502,0,1
1,NewOrder,1670919370.646748,62783,0,1
1,NewOrder,1670919370.709537,60606,0,1
1,NewOrder,1670919370.770150,52554,0,1
2,Payment,1670919370.822711,34030,0,1
1,NewOrder,1670919370.856747,69089,0,1
5,StockLevel,1670919370.925842,16468,0,1
1,NewOrder,1670919370.942315,68532,0,1
2,Payment,1670919371.010853,33129,0,1
2,Payment,1670919371.043988,31144,0,1
2,Payment,1670919371.075139,26843,0,1
1,NewOrder,1670919371.101987,49420,0,1
2,Payment,1670919371.151414,22966,0,1
2,Payment,1670919371.174385,42111,0,1
2,Payment,1670919371.216502,22340,0,1
1,NewOrder,1670919371.238848,56254,0,1
1,NewOrder,1670919371.295109,57180,0,1
2,Payment,1670919371.352295,21495,0,1
2,Payment,1670919371.373796,21040,0,1
2,Payment,1670919371.394842,23364,0,1
2,Payment,1670919371.418211,23895,0,1
2,Payment,1670919371.442112,25194,0,1
1,NewOrder,1670919371.467312,33054,0,1
1,NewOrder,1670919371.500372,41380,0,1
1,NewOrder,1670919371.541757,70498,0,1
5,StockLevel,1670919371.612261,16028,0,1
2,Payment,1670919371.628297,34370,0,1
2,Payment,1670919371.662681,35451,0,1
1,NewOrder,1670919371.698138,56064,0,1
2,Payment,1670919371.754208,43000,0,1
2,Payment,1670919371.797213,32839,0,1
2,Payment,1670919371.830057,27348,0,1
2,Payment,1670919371.857412,34069,0,1
1,NewOrder,1670919371.891488,54123,0,1
2,Payment,1670919371.945620,31714,0,1
5,StockLevel,1670919371.977344,16158,0,1
2,Payment,1670919371.993509,50544,0,1
1,NewOrder,1670919372.044061,36093,0,1
2,Payment,1670919372.080163,41811,0,1
2,Payment,1670919372.121982,22227,0,1
1,NewOrder,1670919372.144218,36648,0,1
1,NewOrder,1670919372.180875,48769,0,1
1,NewOrder,1670919372.229653,68268,0,1
4,Delivery,1670919372.297932,49150,0,1
1,NewOrder,1670919372.347092,31993,0,1
2,Payment,1670919372.379094,20650,0,1
2,Payment,1670919372.399751,30722,0,1
5,StockLevel,1670919372.430482,16647,0,1
2,Payment,1670919372.447136,22367,0,1
2,Payment,1670919372.469511,20754,0,1
1,NewOrder,1670919372.490275,32299,0,1
1,NewOrder,1670919372.522581,40968,0,1
1,NewOrder,1670919372.563558,66616,0,1
1,NewOrder,1670919372.630181,73754,0,1
1,NewOrder,1670919372.703944,32106,0,1
1,NewOrder,1670919372.736055,55249,0,1
1,NewOrder,1670919372.791312,81123,0,1
1,NewOrder,1670919372.872444,64896,0,1
2,Payment,1670919372.937350,30661,0,1
1,NewOrder,1670919372.968020,54334,0,1
2,Payment,1670919373.022361,33317,0,1
2,Payment,1670919373.055683,29990,0,1
1,NewOrder,1670919373.085678,60584,0,1
2,Payment,1670919373.146268,33011,0,1
2,Payment,1670919373.179284,21645,0,1
2,Payment,1670919373.200934,23240,0,1
2,Payment,1670919373.224179,21803,0,1
1,NewOrder,1670919373.245988,48818,0,1
2,Payment,1670919373.294811,21411,0,1
2,Payment,1670919373.316226,23386,0,1
2,Payment,1670919373.339618,43424,0,1
2,Payment,1670919373.383047,18787,0,1
1,NewOrder,1670919373.401839,55262,0,1
2,Payment,1670919373.457105,35062,0,1
2,Payment,1670919373.492173,27040,0,1
1,NewOrder,1670919373.519217,48769,0,1
2,Payment,1670919373.567991,37981,0,1
2,Payment,1670919373.605979,31398,0,1
2,Payment,1670919373.637383,30079,0,1
2,Payment,1670919373.667468,45359,0,1
1,NewOrder,1670919373.712833,68361,0,1
1,NewOrder,1670919373.781200,75385,0,1
1,NewOrder,1670919373.856591,48288,0,1
1,NewOrder,1670919373.904889,62916,0,1
3,OrderStatus,1670919373.967810,4115,0,1
1,NewOrder,1670919373.971930,46035,0,1
2,Payment,1670919374.017973,32029,0,1
1,NewOrder,1670919374.050008,64697,0,1
2,Payment,1670919374.114711,27131,0,1
2,Payment,1670919374.141848,23597,0,1
2,Payment,1670919374.165451,19770,0,1
2,Payment,1670919374.185226,21714,0,1
1,NewOrder,1670919374.206946,43169,0,1
1,NewOrder,1670919374.250120,47613,0,1
1,NewOrder,1670919374.297739,35490,0,1
1,NewOrder,1670919374.333235,34024,0,1
2,Payment,1670919374.367264,30348,0,1
1,NewOrder,1670919374.397618,89286,0,1
1,NewOrder,1670919374.486912,32826,0,1
2,Payment,1670919374.519743,21841,0,1
1,NewOrder,1670919374.541590,57727,0,1
2,Payment,1670919374.599324,30323,0,1
1,NewOrder,1670919374.629654,42864,0,1
2,Payment,1670919374.672525,61482,0,1
1,NewOrder,1670919374.734014,42106,0,1
1,NewOrder,1670919374.776125,66747,0,1
2,Payment,1670919374.842878,33631,0,1
1,NewOrder,1670919374.876515,50431,0,1
1,NewOrder,1670919374.926954,73142,0,1
2,Payment,1670919375.000104,30279,0,1
2,Payment,1670919375.030390,19306,0,1
1,NewOrder,1670919375.049705,54829,0,1
2,Payment,1670919375.104539,23482,0,1
1,NewOrder,1670919375.128027,47393,0,1
1,NewOrder,1670919375.175426,42003,0,1
2,Payment,1670919375.217434,33410,0,1
1,NewOrder,1670919375.250854,47065,0,1
1,NewOrder,1670919375.297926,36033,0,1
1,NewOrder,1670919375.333966,33293,0,1
1,NewOrder,1670919375.367266,35692,0,1
1,NewOrder,1670919375.402963,47005,0,1
2,Payment,1670919375.449974,27171,0,1
2,Payment,1670919375.477151,27524,0,1
2,Payment,1670919375.504681,31678,0,1
2,Payment,1670919375.536366,39157,0,1
3,OrderStatus,1670919375.575530,2747,0,1
2,Payment,1670919375.578281,45015,0,1
2,Payment,1670919375.623303,57019,0,1
